"1","Tiberiu","Troia","Tiberiu.Troia","9hklbuFiO9","true"
"2","George","Ifrim","George.Ifrim","jXYMC43Bxe","true"
"4","Andrei","Teodorescu","Andrei.Teodorescu","mmBw7eWVih","false"
"5","costel","muscel","costel.muscel","caAs7N4hoc","true"
"6","costel","muscel","costel.muscel","UqrrG6xxxB","true"
"7","inca","unu","inca.unu","jsObxW4SeS","true"
"8","ultimul","user","ultimul.user","1ADyjuFWOZ","true"
"9","Tiberiu","Troia","Tiberiu.Troia","9hklbuFiO9","true"
"10","Alexandru","Ipsilanti","Alexandru.Ipsilanti","fUFeX7ZeC6","true"
"11","Alexandru","Ipsilanti","Alexandru.Ipsilanti 7","rxYIFpp25X","true"
"12","Ion","Creanga","Ion.Creanga","mEDATLbLNp","false"
